Id,Category
153079,FWD
239085,FWD
158023,FWD
215914,MID
200145,MID
155862,DEF
231747,FWD
192985,MID
189511,MID
206113,MID
209658,MID
213345,MID
231281,DEF
162835,GK
233049,MID
212218,DEF
183277,FWD
192387,FWD
185122,GK
208830,FWD
201535,DEF
208670,MID
223848,MID
222492,FWD
168542,MID
143076,MID
138956,DEF
152729,DEF
232363,DEF
180206,MID
192563,GK
198176,DEF
200458,DEF
204923,MID
209989,MID
199451,FWD
212188,FWD
212462,DEF
215698,GK
216393,MID
220440,DEF
220651,DEF
224334,MID
229880,DEF
146536,DEF
190460,MID
197445,DEF
199482,GK
203486,MID
192774,DEF
205069,DEF
204639,DEF
199564,MID
208418,MID
208574,MID
207862,DEF
208093,FWD
189242,MID
207863,DEF
229668,DEF
232656,DEF
229906,FWD
230375,DEF
168435,GK
187961,MID
178562,MID
224293,MID
205659,GK
205678,MID
209960,GK
210413,DEF
213565,MID
217940,DEF
221087,GK
176676,DEF
178750,GK
179645,DEF
193105,GK
193283,DEF
193301,FWD
197965,MID
197655,DEF
227796,MID
199042,MID
227928,DEF
230347,DEF
230384,MID
234396,DEF
241486,DEF
173731,MID
209297,MID
208596,FWD
208461,MID
210406,MID
210935,MID
216189,DEF
216409,MID
202695,DEF
203551,DEF
170890,MID
171877,MID
172871,DEF
178086,GK
183574,MID
187754,MID
195365,MID
198950,MID
197853,DEF
199110,FWD
199823,MID
200949,FWD
200888,MID
202651,MID
201119,DEF
234742,MID
201519,MID
237238,MID
239207,FWD
240130,DEF
241095,MID
245304,MID
120533,DEF
251700,FWD
153244,FWD
156519,MID
163489,GK
220182,DEF
223959,MID
226491,DEF
230201,DEF
230204,GK
230313,DEF
233096,DEF
232432,FWD
212187,DEF
212814,MID
204638,DEF
205175,FWD
205693,FWD
205569,MID
206467,FWD
207599,DEF
207877,FWD
210665,DEF
219683,MID
202857,MID
204259,DEF
203890,DEF
197225,MID
198031,MID
201922,DEF
199254,FWD
176635,MID
171579,MID
169588,DEF
245295,DEF
245306,GK
45186,MID
148119,GK
168609,DEF
230498,FWD
232293,FWD
233927,MID
234035,DEF
235805,MID
240243,FWD
241184,DEF
240679,MID
240950,MID
220018,FWD
222400,MID
220093,DEF
222028,MID
222501,DEF
223053,MID
223578,FWD
224196,DEF
228251,MID
227055,MID
208135,MID
211575,MID
212096,MID
211748,MID
219792,MID
193041,GK
202126,FWD
164240,DEF
163587,GK
181291,MID
210243,DEF
210514,DEF
186942,MID
188350,MID
188377,DEF
192629,FWD
201399,FWD
191043,DEF
212151,GK
225100,DEF
199845,DEF
201153,FWD
226271,MID
229391,DEF
237692,MID
236792,MID
202811,GK
203841,GK
205632,FWD
205600,DEF
205988,DEF
210035,DEF
182494,GK
186345,DEF
229558,DEF
230256,DEF
235374,MID
227290,GK
216201,FWD
179846,MID
236583,GK
236987,MID
238794,MID
244260,MID
245294,GK
245300,MID
220793,DEF
222331,DEF
222716,MID
227127,GK
204399,FWD
205686,MID
205849,GK
196432,MID
243812,FWD
244470,DEF
245297,DEF
247851,MID
255475,MID
170368,MID
230251,MID
230767,MID
231447,FWD
233738,MID
235410,FWD
236506,DEF
236401,MID
234612,MID
220253,FWD
220523,DEF
208920,DEF
211022,MID
212616,MID
194022,MID
194209,FWD
199575,GK
202477,FWD
201455,MID
178509,FWD
179944,MID
180216,DEF
181786,DEF
184431,MID
185221,MID
188081,FWD
245298,DEF
246669,DEF
248243,MID
124375,FWD
230360,DEF
230406,MID
231691,GK
234236,FWD
234835,DEF
219733,FWD
222943,MID
224069,FWD
224490,DEF
225711,DEF
210537,MID
200529,MID
202024,MID
202325,MID
186537,FWD
187936,MID
190813,MID
192045,DEF
193061,MID
143001,FWD
165109,DEF
172114,MID
173221,MID
173208,DEF
171897,MID
172962,MID
238227,MID
240690,FWD
230371,DEF
230349,MID
231521,MID
230965,MID
232487,MID
231633,DEF
235619,MID
234730,DEF
234833,GK
235945,MID
236496,MID
224422,MID
224394,MID
225997,MID
227890,MID
228295,DEF
220287,FWD
221697,FWD
207664,FWD
220421,DEF
208004,DEF
210047,DEF
210897,DEF
212067,GK
212491,DEF
212602,DEF
213051,MID
213135,FWD
200094,MID
200215,MID
201042,DEF
201377,DEF
202282,MID
203487,DEF
204105,DEF
204341,DEF
193683,MID
177600,MID
179605,MID
177392,FWD
178415,MID
186190,DEF
183899,MID
188988,MID
251691,MID
251696,DEF
251412,FWD
251809,DEF
104389,GK
143121,MID
146952,GK
238067,MID
238160,DEF
239956,FWD
240471,MID
241907,FWD
241049,DEF
242187,MID
232670,FWD
232999,MID
232905,MID
234574,DEF
235073,GK
235149,MID
235794,MID
230208,DEF
230317,GK
230328,GK
230425,MID
230457,MID
230463,MID
231102,MID
225403,MID
229624,FWD
220196,MID
220710,MID
221540,DEF
223710,FWD
223329,DEF
214977,MID
215051,DEF
215270,MID
215441,FWD
215689,FWD
206654,DEF
216350,MID
207554,MID
207807,MID
216158,DEF
208045,MID
208621,MID
208787,MID
210212,MID
208509,DEF
210761,MID
204277,MID
204308,GK
205211,GK
204760,DEF
198513,GK
198861,MID
199069,FWD
199580,DEF
199633,DEF
199935,MID
200054,MID
200316,GK
200677,DEF
200353,DEF
190765,MID
190734,GK
191076,MID
191687,DEF
192427,DEF
179527,FWD
182945,FWD
183714,FWD
185422,FWD
185431,FWD
157301,FWD
158133,FWD
158625,DEF
163264,GK
163301,GK
169595,DEF
251116,DEF
251221,MID
251353,FWD
252371,MID
251804,DEF
253272,GK
253385,FWD
241497,DEF
241707,MID
242118,MID
242656,GK
242816,MID
243952,GK
236276,MID
236311,MID
236477,MID
236817,MID
238095,DEF
235997,MID
231150,MID
231410,MID
231640,MID
232938,DEF
233848,MID
233500,MID
228736,GK
229593,MID
229804,MID
229980,DEF
230213,DEF
230224,DEF
230250,MID
230252,MID
230336,DEF
224444,MID
224520,MID
225028,MID
225363,MID
225562,MID
225475,MID
225783,FWD
225863,DEF
225793,DEF
219814,DEF
220905,MID
220746,MID
221053,DEF
221919,MID
220948,MID
222429,MID
215148,DEF
215251,GK
215443,MID
211381,MID
211706,MID
212127,MID
212269,MID
212432,GK
208520,DEF
209620,DEF
209440,MID
209781,MID
209744,DEF
210281,MID
210450,MID
211107,DEF
211267,MID
213951,GK
213991,MID
216283,DEF
216320,MID
218066,FWD
219455,FWD
223198,DEF
223885,GK
227222,DEF
224218,MID
228236,DEF
228279,GK
230388,DEF
234045,MID
234102,GK
235008,MID
235944,MID
239342,GK
246113,DEF
245322,DEF
134744,MID
142902,GK
146963,DEF
146748,GK
147006,MID
170597,GK
173474,MID
172723,GK
176571,MID
186905,FWD
189433,DEF
189712,MID
198140,FWD
201505,MID
202493,DEF
205407,MID
205431,FWD
205566,DEF
206058,DEF
212204,DEF
212300,DEF
212623,FWD
216380,DEF
216549,FWD
216816,FWD
216939,GK
219244,GK
224151,FWD
224116,FWD
224540,FWD
229942,DEF
231786,FWD
232144,DEF
232223,DEF
232440,DEF
236045,DEF
237043,MID
244316,GK
246960,MID
244263,DEF
247030,MID
247641,MID
189250,FWD
176495,FWD
189423,MID
190243,GK
190143,DEF
197756,FWD
199206,DEF
205364,DEF
205966,MID
206493,DEF
207421,MID
206304,MID
207441,MID
214947,MID
215399,DEF
215639,MID
222515,MID
223627,FWD
228747,MID
224371,MID
229582,DEF
229773,DEF
230182,GK
230331,MID
236593,MID
244193,MID
244778,MID
245296,DEF
245158,FWD
246172,MID
246646,MID
175254,FWD
194932,MID
184703,MID
178250,MID
198230,DEF
199641,GK
207494,MID
206590,MID
208364,DEF
214766,DEF
215071,DEF
216435,MID
218339,MID
226221,DEF
228413,GK
228687,FWD
230212,DEF
236355,DEF
240709,DEF
140233,GK
159145,FWD
171791,DEF
175379,MID
189505,MID
189682,DEF
189881,DEF
202935,DEF
204884,DEF
203747,DEF
204538,FWD
205923,DEF
206545,MID
213956,MID
216145,DEF
216194,MID
216531,FWD
226456,MID
226851,DEF
237942,DEF
238476,DEF
189271,MID
185103,DEF
184941,FWD
200724,DEF
200726,GK
189690,GK
210455,DEF
211241,DEF
213516,MID
216475,MID
230938,MID
245305,FWD
245309,DEF
245313,MID
164835,GK
221363,MID
221992,FWD
226166,DEF
247263,DEF
220834,MID
224232,MID
177413,MID
182493,DEF
207410,MID
208421,MID
211256,DEF
225850,DEF
228618,DEF
226161,MID
239818,DEF
231478,FWD
188567,FWD
235243,DEF
176580,FWD
177003,MID
183898,MID
211110,MID
188545,FWD
216352,MID
202556,FWD
239053,MID
242444,FWD
41236,FWD
231443,MID
195859,FWD
194404,GK
193698,GK
168651,MID
162347,MID
208450,MID
208375,GK
207790,DEF
213666,MID
207683,GK
213654,MID
205409,GK
206098,DEF
205402,MID
205989,MID
207562,FWD
201303,MID
200759,DEF
201860,DEF
201862,DEF
202429,DEF
203067,MID
204713,MID
205343,MID
193133,MID
194728,FWD
194957,DEF
195668,GK
196934,MID
198653,GK
190547,DEF
190607,MID
191180,MID
181318,MID
182495,DEF
183129,DEF
183376,MID
183497,GK
183569,FWD
183895,MID
185174,MID
185195,FWD
251528,DEF
251410,DEF
251712,GK
149185,MID
152912,FWD
153048,MID
153275,GK
243245,MID
243780,MID
244206,DEF
244385,GK
244393,MID
237604,DEF
239795,FWD
239808,MID
239872,DEF
239978,FWD
235183,GK
235454,DEF
235688,DEF
235866,FWD
235883,MID
236245,FWD
236393,FWD
231414,FWD
232709,MID
233061,MID
233267,GK
233791,GK
233113,MID
230240,DEF
230255,DEF
230353,DEF
230339,DEF
230361,DEF
230422,DEF
230468,MID
227394,FWD
227647,DEF
228729,DEF
229221,DEF
230021,DEF
225144,MID
225182,MID
225252,MID
225591,MID
225647,GK
225653,FWD
225719,FWD
225859,DEF
220782,MID
220901,GK
222461,MID
222514,GK
221354,DEF
223154,MID
223138,DEF
223334,FWD
223570,DEF
223608,MID
215892,DEF
216247,MID
216385,MID
216742,DEF
216814,MID
216813,DEF
219087,DEF
219536,FWD
212449,DEF
212715,FWD
213242,MID
214350,FWD
214436,MID
214665,MID
208919,MID
208737,MID
209827,FWD
210438,MID
210423,MID
211461,FWD
208449,DEF
205990,MID
205995,DEF
206198,DEF
206114,MID
202848,MID
204355,DEF
204493,MID
204497,MID
200228,DEF
200826,FWD
201046,MID
190653,MID
192129,GK
192091,DEF
192146,DEF
192445,FWD
192565,MID
186589,MID
188879,MID
189410,MID
176794,FWD
178322,MID
178416,MID
178625,MID
182168,DEF
182184,MID
137494,FWD
139860,DEF
182629,GK
182744,DEF
184252,FWD
189461,MID
190034,DEF
189725,MID
194904,GK
194761,MID
194359,DEF
195586,FWD
204977,DEF
205360,FWD
205427,FWD
208001,DEF
208250,MID
212232,FWD
215123,GK
212260,FWD
219571,MID
215798,MID
220172,DEF
220715,FWD
220763,MID
224030,MID
224258,DEF
226382,MID
226376,MID
226414,MID
226537,FWD
230198,DEF
230507,FWD
231108,DEF
230829,DEF
230529,DEF
234573,DEF
234774,DEF
234789,MID
236498,FWD
236537,DEF
241509,MID
246708,MID
178091,FWD
165769,GK
178255,MID
179591,MID
179752,FWD
180808,MID
179783,GK
181271,MID
186351,MID
186551,DEF
186648,DEF
188253,MID
188770,FWD
192546,DEF
192665,GK
192667,DEF
199386,FWD
200519,DEF
200630,MID
167753,FWD
164082,DEF
161754,MID
158856,MID
125871,DEF
199767,MID
199313,DEF
198760,MID
198200,MID
196942,MID
175932,DEF
175895,MID
172287,MID
246069,MID
246420,MID
246836,DEF
246870,DEF
247802,DEF
248820,DEF
241130,FWD
241569,DEF
241769,GK
241981,DEF
241976,GK
242392,DEF
243055,MID
243388,DEF
236998,DEF
237629,MID
237595,DEF
238194,FWD
238988,DEF
234819,FWD
234824,FWD
235526,MID
235658,DEF
236075,DEF
236076,DEF
236298,MID
231044,MID
231207,DEF
231292,DEF
231445,MID
231627,FWD
231838,DEF
232270,DEF
232869,DEF
230282,DEF
230333,DEF
230358,DEF
230411,MID
230435,MID
230445,FWD
230482,MID
230487,MID
230665,MID
228182,GK
228349,DEF
228415,DEF
228892,MID
229476,DEF
225668,FWD
225844,MID
226517,MID
226777,FWD
229636,FWD
220854,MID
221001,MID
221430,FWD
221908,MID
221885,MID
222951,GK
216199,DEF
216325,GK
216447,MID
216481,DEF
216701,DEF
217605,MID
214388,MID
214369,MID
214771,MID
214955,DEF
211862,FWD
211879,MID
212035,MID
212456,FWD
212476,MID
213017,DEF
213063,DEF
208440,DEF
208522,DEF
208622,FWD
209547,DEF
208892,DEF
209937,DEF
210259,FWD
210695,DEF
204496,DEF
205295,FWD
206006,MID
206104,FWD
201136,DEF
201971,MID
200463,GK
196150,FWD
198355,GK
198599,DEF
199131,DEF
199151,MID
191388,MID
192495,MID
191628,GK
192841,MID
192930,FWD
193186,GK
193201,MID
193468,DEF
193549,DEF
193844,MID
188802,DEF
188400,GK
189043,DEF
189303,FWD
189388,DEF
181573,MID
189508,MID
182859,MID
182888,DEF
183540,MID
185132,MID
185427,GK
172018,DEF
172672,FWD
173178,GK
173857,GK
176619,FWD
177273,DEF
176942,DEF
177149,DEF
149184,DEF
162220,GK
163083,DEF
163261,DEF
162297,GK
163488,DEF
164959,MID
252931,MID
253157,MID
253170,DEF
253946,MID
255687,DEF
257821,MID
258208,MID
244863,MID
245021,MID
241496,FWD
241607,MID
241635,MID
242577,MID
239322,DEF
239671,MID
240095,MID
240332,FWD
236524,DEF
236556,MID
236696,MID
237109,MID
237161,MID
237122,DEF
237211,DEF
233732,FWD
233730,FWD
234577,GK
231628,FWD
231749,DEF
231985,MID
232163,FWD
232358,MID
232510,DEF
232514,MID
232546,MID
232498,MID
232655,MID
230369,MID
230420,MID
230441,DEF
230464,MID
230501,FWD
230503,FWD
229631,MID
229595,MID
230074,DEF
227706,MID
227939,FWD
228231,GK
224508,FWD
224524,DEF
224537,DEF
224763,MID
222160,DEF
222464,GK
222204,MID
222553,DEF
222537,MID
222844,MID
222982,MID
223033,DEF
218745,MID
219293,DEF
219411,MID
219911,DEF
220876,MID
220048,GK
220739,MID
214983,GK
215079,MID
215157,DEF
215334,FWD
212618,FWD
212933,FWD
213620,FWD
209780,MID
210129,DEF
210313,MID
211231,MID
206219,DEF
206222,DEF
206606,FWD
206550,FWD
207454,MID
202678,DEF
202994,MID
202746,MID
203038,MID
203128,MID
203751,DEF
203884,DEF
204193,MID
204233,MID
204247,MID
204771,MID
205081,FWD
200429,FWD
201093,FWD
201368,MID
197786,DEF
198128,FWD
198348,MID
198455,DEF
198617,MID
199000,DEF
198350,GK
192242,MID
192567,DEF
192732,MID
193584,FWD
194063,MID
189930,DEF
190593,MID
184626,DEF
184501,DEF
186140,FWD
176630,GK
177299,GK
179551,FWD
180359,DEF
181404,DEF
182959,GK
183249,FWD
140498,GK
158800,MID
162221,MID
253537,DEF
255578,FWD
247072,GK
247450,MID
247827,MID
248003,DEF
251503,GK
251292,GK
248095,DEF
246728,FWD
251181,DEF
243526,DEF
244068,DEF
244272,DEF
244625,DEF
244582,MID
242162,MID
240730,MID
240875,MID
241159,DEF
241166,MID
241720,FWD
241406,MID
241823,DEF
241937,MID
242530,FWD
238507,DEF
238637,MID
239041,MID
239048,MID
239645,DEF
239810,MID
239845,MID
235623,MID
235717,MID
235983,DEF
235781,MID
236213,FWD
236267,DEF
236303,DEF
233977,GK
234100,DEF
234333,FWD
234203,MID
234195,DEF
234457,MID
234624,DEF
232255,MID
232459,DEF
232517,MID
232898,MID
233231,FWD
230315,GK
230342,DEF
230484,MID
230855,DEF
228804,MID
229091,GK
229260,MID
229321,MID
229453,MID
229360,DEF
229541,GK
229628,MID
229606,MID
230117,GK
225206,DEF
225682,DEF
225995,DEF
226583,DEF
226604,FWD
226697,MID
227550,DEF
222521,DEF
222825,MID
223054,MID
223159,DEF
223188,DEF
223212,MID
219652,MID
219740,FWD
220058,GK
220529,MID
220466,DEF
220609,MID
221553,FWD
221488,MID
215556,MID
216229,MID
216520,MID
217082,DEF
217168,DEF
217242,MID
213613,MID
213777,MID
213871,FWD
214096,FWD
211489,MID
212244,DEF
212282,MID
212321,MID
213000,DEF
209061,MID
209695,MID
210112,MID
210118,DEF
210214,MID
209839,DEF
210263,MID
210374,MID
205340,DEF
205630,DEF
205812,GK
206022,DEF
206171,MID
206427,DEF
206436,MID
202101,MID
203590,DEF
203668,FWD
202905,FWD
203725,MID
199982,MID
200108,DEF
200278,DEF
200778,DEF
201509,DEF
199960,MID
196935,DEF
198138,MID
198218,FWD
198352,DEF
198474,DEF
198489,MID
198553,DEF
198783,FWD
191625,FWD
192026,MID
192373,FWD
192778,FWD
192922,GK
193182,GK
193185,DEF
193264,DEF
187205,DEF
188538,DEF
188871,FWD
189300,DEF
189207,MID
189530,DEF
178571,GK
179565,FWD
181123,MID
181262,DEF
181795,DEF
182343,MID
182270,GK
184154,MID
158221,DEF
165526,DEF
167669,MID
172233,MID
172553,GK
3467,FWD
115909,FWD
253073,DEF
253245,DEF
253587,DEF
254891,MID
254660,MID
247671,DEF
248573,MID
248866,DEF
250797,GK
245157,MID
245235,DEF
245437,FWD
245543,FWD
246033,MID
242633,MID
242776,DEF
242835,DEF
243392,MID
243497,DEF
243350,DEF
243792,MID
244205,MID
244238,DEF
241004,MID
240982,MID
241568,MID
241629,DEF
239096,DEF
239250,FWD
239669,MID
239641,MID
239747,FWD
239945,MID
237429,DEF
237512,MID
237582,DEF
237840,MID
235673,DEF
235852,MID
238504,MID
240131,FWD
240282,DEF
238839,MID
240926,DEF
242238,DEF
242294,MID
242372,MID
242450,DEF
242494,FWD
244271,MID
244472,MID
246696,DEF
246949,FWD
247361,MID
251450,DEF
251681,DEF
252541,MID
255000,FWD
256970,MID
258333,DEF
258478,DEF
142966,MID
142762,DEF
143598,GK
143587,MID
144200,DEF
184716,MID
185010,DEF
185204,DEF
186556,FWD
186296,MID
186598,DEF
190982,MID
190738,FWD
191333,DEF
191079,DEF
193794,FWD
193862,DEF
193900,DEF
194077,DEF
194079,MID
194934,GK
199157,DEF
199282,MID
199387,FWD
201528,DEF
199288,MID
203889,FWD
204215,MID
201938,MID
204352,DEF
204401,DEF
204549,GK
206577,MID
207507,FWD
207645,MID
208424,MID
211068,FWD
211272,DEF
213439,MID
215070,DEF
215155,MID
215391,MID
215410,DEF
215417,GK
217826,MID
221793,MID
221990,DEF
221931,MID
221994,DEF
224104,MID
224019,MID
228151,MID
228650,MID
228518,DEF
230278,MID
230964,FWD
231823,DEF
233260,FWD
233292,DEF
233585,MID
233606,MID
234889,MID
234933,DEF
234875,FWD
235432,MID
235290,DEF
236764,MID
237209,DEF
237540,MID
239910,FWD
240526,MID
240661,MID
245520,MID
246423,MID
251847,DEF
252042,FWD
258262,MID
260314,DEF
259816,FWD
164484,GK
170159,DEF
172937,FWD
183389,FWD
172960,FWD
183556,DEF
183568,DEF
183909,MID
187601,GK
188000,MID
190919,FWD
192156,DEF
194665,DEF
195671,FWD
196801,DEF
196952,DEF
197777,DEF
199231,DEF
199413,MID
199669,MID
199689,FWD
202002,DEF
202410,GK
202539,FWD
205347,MID
205215,DEF
207876,DEF
207928,MID
208700,MID
211818,MID
212226,MID
214207,FWD
214838,DEF
214772,DEF
215569,DEF
215703,DEF
216793,FWD
217620,DEF
217852,MID
221587,MID
221323,DEF
223136,DEF
223143,DEF
223208,MID
223682,MID
223717,DEF
223756,MID
223978,MID
226085,GK
226203,DEF
228717,FWD
226356,DEF
228861,FWD
229011,MID
229155,DEF
229188,FWD
229179,FWD
230222,DEF
230263,MID
230272,MID
230277,MID
230322,DEF
230988,MID
231138,FWD
232775,MID
233219,DEF
234710,MID
235036,DEF
235088,DEF
235055,DEF
237525,GK
237642,DEF
237973,MID
244197,MID
244269,DEF
244280,MID
244628,FWD
244709,MID
251693,FWD
251805,DEF
251718,MID
258370,MID
260248,FWD
261529,MID
2147,GK
107298,GK
124635,DEF
143745,MID
138699,MID
169181,GK
169345,DEF
177280,DEF
178614,DEF
186614,FWD
186650,FWD
187132,DEF
187702,MID
189946,MID
190430,DEF
190535,MID
190549,MID
190761,MID
191032,MID
190915,FWD
195087,MID
194996,FWD
195361,DEF
199602,FWD
199562,MID
199912,MID
202331,MID
203886,MID
203633,MID
203888,DEF
207952,DEF
208120,FWD
208137,MID
210814,DEF
210985,DEF
211348,GK
211672,FWD
213750,MID
213868,DEF
213928,MID
215553,FWD
215886,MID
216033,GK
220702,DEF
223284,DEF
223654,DEF
224065,MID
229682,DEF
230042,MID
230084,FWD
230242,MID
230850,MID
233478,MID
233982,DEF
234112,DEF
234178,DEF
234575,DEF
236515,GK
239580,DEF
239712,MID
239717,DEF
240265,FWD
244426,MID
241042,MID
244591,DEF
244788,MID
244789,MID
245132,DEF
245535,MID
252064,MID
251701,MID
177578,DEF
236164,MID
236113,DEF
236046,GK
234873,MID
224796,MID
224718,MID
172049,MID
224510,FWD
233097,DEF
233978,DEF
234341,GK
230601,FWD
231530,MID
231868,FWD
231652,FWD
232413,DEF
230107,MID
230169,GK
230193,DEF
230194,DEF
227978,MID
228206,DEF
228505,GK
228645,MID
228761,FWD
228789,GK
229325,GK
225720,DEF
225974,DEF
226002,DEF
226260,DEF
224315,MID
224376,DEF
224590,MID
224655,GK
221737,DEF
221909,GK
222278,MID
222562,GK
222634,MID
222741,FWD
222959,FWD
217998,FWD
218660,MID
219771,MID
220075,MID
220152,MID
220509,DEF
220620,DEF
214965,FWD
214986,DEF
214990,DEF
215266,FWD
215321,DEF
215969,DEF
215970,DEF
212519,MID
212608,DEF
212791,MID
213433,DEF
213612,MID
213490,MID
214168,MID
214158,MID
214313,MID
209987,GK
210404,FWD
210653,DEF
211004,MID
211221,MID
205584,DEF
205887,FWD
206626,FWD
203544,DEF
204370,MID
202686,FWD
200698,GK
201266,MID
201304,FWD
201447,MID
202148,MID
198113,MID
198150,FWD
198312,MID
198641,FWD
192012,DEF
192476,MID
192660,FWD
193098,MID
189167,MID
189661,FWD
183644,MID
183982,FWD
184290,FWD
184417,MID
184220,MID
186405,FWD
175608,MID
177390,MID
177482,MID
177481,DEF
179547,GK
179633,MID
180409,DEF
180739,GK
142499,MID
142950,MID
152993,DEF
163600,GK
255353,MID
255529,FWD
256958,MID
258350,MID
258376,FWD
258590,MID
252275,DEF
252360,DEF
252523,MID
253251,MID
253321,DEF
248777,DEF
248878,DEF
250835,FWD
250858,DEF
246562,DEF
246279,DEF
247076,MID
247188,MID
247156,DEF
244401,DEF
244605,MID
244706,FWD
245148,MID
245084,DEF
245253,MID
245368,FWD
242335,DEF
242514,GK
242573,MID
242629,DEF
242752,DEF
240439,DEF
240409,DEF
240743,MID
240944,FWD
241171,DEF
241708,DEF
241746,DEF
239138,MID
239306,DEF
239881,FWD
237075,FWD
237555,FWD
237600,MID
234924,FWD
235103,MID
235315,MID
235840,GK
235893,FWD
233034,MID
233329,DEF
233545,DEF
233996,DEF
232162,MID
232512,MID
232626,DEF
230196,DEF
230178,DEF
230205,DEF
230334,DEF
230489,MID
230506,FWD
228838,MID
229428,MID
229448,FWD
229500,MID
225877,GK
226286,FWD
226401,MID
226442,DEF
227230,MID
223779,MID
223938,MID
223962,MID
224049,DEF
224067,DEF
224045,FWD
224198,DEF
224201,FWD
224841,DEF
224890,MID
224344,FWD
225060,DEF
225310,MID
225456,FWD
222900,GK
223030,MID
223065,DEF
223128,FWD
219174,MID
219860,DEF
220029,MID
215570,DEF
215823,DEF
216155,FWD
216281,DEF
216351,MID
216376,MID
216712,DEF
213591,DEF
213030,MID
213693,MID
214376,DEF
214343,MID
214606,MID
214835,FWD
211250,DEF
211363,DEF
211384,FWD
211398,GK
211703,MID
212173,MID
212223,FWD
212129,DEF
208613,FWD
208862,DEF
209372,MID
209532,GK
208898,MID
210028,MID
210439,FWD
206310,MID
206472,DEF
206538,MID
207516,FWD
207763,DEF
203979,MID
204084,DEF
204136,FWD
204227,FWD
204344,MID
204242,MID
204677,MID
204652,DEF
204687,DEF
205054,DEF
201526,MID
202076,DEF
202106,DEF
202113,DEF
202208,MID
202271,MID
198687,DEF
198726,FWD
198908,DEF
199526,GK
199769,MID
200271,MID
200424,MID
193027,MID
192938,MID
193092,MID
193250,DEF
193602,DEF
193772,GK
194082,FWD
194089,MID
194171,FWD
195065,MID
196316,GK
188674,FWD
189397,MID
189558,DEF
189715,MID
190093,DEF
190907,MID
190671,MID
190779,MID
183743,GK
183781,DEF
183973,DEF
184480,FWD
184781,GK
184900,DEF
176389,GK
176542,FWD
176841,FWD
157515,DEF
167812,DEF
258648,DEF
258881,DEF
258958,FWD
259188,DEF
260652,FWD
260720,FWD
260823,MID
260839,DEF
18115,DEF
254023,MID
254628,DEF
255134,DEF
254822,DEF
255055,DEF
255256,DEF
255699,MID
252091,FWD
252711,DEF
252930,DEF
252937,MID
247793,MID
248107,DEF
248870,MID
248564,MID
248149,DEF
250961,FWD
250997,MID
245762,FWD
246169,MID
246179,MID
246350,MID
246806,GK
246826,DEF
246845,FWD
246787,MID
244117,DEF
244135,DEF
244560,MID
242217,MID
242673,MID
240342,MID
240454,DEF
240507,MID
240091,GK
240201,MID
240964,MID
241010,DEF
241064,DEF
238503,GK
238692,DEF
236822,DEF
237039,FWD
237409,FWD
237665,FWD
237745,MID
237739,DEF
235561,FWD
235814,DEF
235890,MID
235942,MID
234576,DEF
234646,GK
234762,DEF
234856,DEF
234877,GK
234945,MID
234987,MID
235021,MID
235124,GK
232929,MID
233050,MID
233098,DEF
233178,MID
233630,FWD
233812,DEF
230800,FWD
231073,GK
230835,MID
231237,GK
231406,MID
231753,MID
231841,GK
231828,DEF
231878,GK
229147,DEF
229473,MID
229277,DEF
229873,DEF
229891,MID
229900,MID
226416,DEF
226652,MID
226793,MID
227557,FWD
228221,GK
224438,FWD
224584,MID
224604,DEF
224813,MID
224891,DEF
225282,GK
225285,MID
223566,DEF
223016,DEF
223045,DEF
223085,MID
223332,MID
223344,FWD
223594,DEF
221024,DEF
220965,MID
221271,DEF
220837,DEF
221313,MID
221350,FWD
221820,MID
221893,DEF
220302,DEF
218343,MID
218880,MID
219558,MID
219808,MID
214727,FWD
214650,DEF
215097,GK
215292,FWD
215376,DEF
211955,MID
212420,DEF
212992,FWD
213007,MID
213301,MID
213602,DEF
213644,DEF
209510,DEF
209729,MID
210004,DEF
210202,MID
210311,MID
210381,DEF
210484,MID
211189,DEF
211204,DEF
207669,MID
207892,MID
207954,DEF
208324,DEF
208462,DEF
204381,FWD
205194,DEF
204786,DEF
205559,FWD
202077,FWD
202401,FWD
202491,MID
202778,GK
202799,MID
202910,GK
203225,MID
203239,GK
199738,MID
199762,MID
199917,MID
200807,DEF
201025,DEF
201114,MID
195313,DEF
190959,DEF
191066,MID
198688,DEF
192636,MID
186954,FWD
188762,DEF
188601,MID
189110,DEF
189141,FWD
189691,MID
189849,FWD
183377,DEF
183565,DEF
184229,DEF
184202,MID
184890,MID
184823,MID
184387,MID
176062,MID
176403,FWD
176732,DEF
178616,MID
167194,MID
166114,FWD
260875,DEF
120312,DEF
256781,DEF
257063,MID
257288,GK
257398,MID
257414,FWD
257566,FWD
257558,MID
257713,DEF
258263,MID
255043,FWD
255009,MID
255154,DEF
255197,DEF
255753,FWD
253241,MID
253292,FWD
253596,DEF
253886,DEF
254054,DEF
251914,FWD
252485,FWD
252488,DEF
250807,FWD
251155,DEF
251185,GK
246808,DEF
246814,MID
246866,MID
247027,DEF
247360,DEF
247264,DEF
247534,MID
245340,MID
245341,MID
245898,FWD
246014,DEF
246108,FWD
246141,FWD
246157,DEF
246263,DEF
244085,FWD
244161,FWD
244187,DEF
244489,DEF
244654,GK
244884,MID
242749,MID
242908,MID
242944,DEF
242974,MID
243100,DEF
243185,DEF
243201,GK
243449,DEF
243733,DEF
242596,DEF
241410,FWD
241523,FWD
241562,DEF
241551,DEF
241570,MID
241652,MID
241985,MID
241931,MID
239438,DEF
239513,DEF
239944,MID
239980,MID
240053,MID
238049,MID
238270,MID
238389,DEF
238062,MID
236681,DEF
237252,DEF
237702,DEF
235425,MID
235464,DEF
236024,MID
235950,FWD
236260,MID
236242,MID
234158,FWD
234198,DEF
234359,DEF
232611,MID
232643,DEF
232687,DEF
233379,MID
233569,MID
231123,DEF
232000,FWD
230210,DEF
230321,GK
228759,DEF
228883,DEF
228893,DEF
228997,DEF
229686,DEF
229707,MID
226646,DEF
227287,MID
227561,FWD
227638,FWD
227920,MID
226580,MID
224608,DEF
224724,MID
224821,DEF
224842,MID
225105,MID
225077,MID
225395,GK
225316,DEF
225632,MID
225738,MID
226468,FWD
226220,MID
226506,DEF
222970,MID
223151,MID
223569,FWD
223876,MID
222969,MID
221657,FWD
221700,GK
221643,MID
221756,MID
221889,FWD
220593,GK
220491,MID
220637,DEF
220708,MID
220805,MID
216184,MID
216633,GK
216791,DEF
216477,MID
212467,DEF
212428,FWD
212518,GK
213204,MID
213512,MID
213557,MID
213905,FWD
210784,MID
211132,GK
210941,GK
211176,MID
211214,FWD
211870,FWD
208631,MID
208688,DEF
209484,FWD
209667,DEF
209769,FWD
209761,DEF
205388,MID
206295,DEF
206408,FWD
207497,MID
207753,DEF
203357,DEF
203558,DEF
203491,MID
204050,DEF
204278,DEF
201083,FWD
201301,DEF
201512,DEF
202050,MID
199510,FWD
199747,DEF
200395,DEF
194213,MID
194873,MID
194329,MID
194431,DEF
196072,MID
197496,GK
193097,DEF
193169,FWD
193226,FWD
186950,DEF
188289,FWD
188424,DEF
188756,DEF
188779,DEF
188856,DEF
188968,GK
189155,DEF
189186,MID
189536,FWD
189885,MID
186655,GK
181989,FWD
182209,DEF
182897,GK
171082,MID
171087,DEF
171831,DEF
171490,GK
176849,DEF
170342,DEF
158543,FWD
160005,FWD
160121,FWD
163625,MID
162052,GK
164766,DEF
165191,FWD
162875,DEF
258575,DEF
258626,MID
258819,MID
260894,DEF
261307,MID
109493,GK
257243,MID
257358,FWD
257352,FWD
257703,FWD
257039,FWD
255005,MID
255253,MID
255400,DEF
253178,MID
253256,MID
253276,DEF
253296,DEF
253357,DEF
253766,DEF
253878,DEF
253906,MID
254056,DEF
253953,FWD
251595,DEF
251709,GK
252081,GK
252121,MID
252074,DEF
252123,GK
248069,MID
248110,DEF
248489,DEF
250882,MID
251057,GK
246594,MID
246471,FWD
246688,DEF
246840,DEF
246951,MID
246974,DEF
247069,DEF
247270,MID
247378,MID
244941,MID
245218,FWD
245586,DEF
245055,MID
245770,FWD
246044,FWD
246093,FWD
244133,DEF
244050,MID
244364,GK
244509,MID
242547,DEF
242708,MID
242692,MID
242716,FWD
243080,DEF
243156,MID
241131,DEF
240999,FWD
241411,DEF
241405,FWD
241689,MID
239902,MID
240120,MID
240019,FWD
240196,DEF
240176,DEF
240044,DEF
238303,FWD
238379,MID
238461,MID
238519,DEF
238820,DEF
238923,MID
238938,FWD
239099,MID
237179,FWD
237439,MID
237490,MID
237333,MID
237563,FWD
235815,DEF
235855,FWD
235988,MID
236037,MID
236169,MID
236273,MID
236615,MID
234148,DEF
234472,DEF
234746,FWD
234963,DEF
235049,DEF
232619,MID
232636,DEF
232908,MID
233078,FWD
233109,FWD
232897,MID
233148,MID
231472,DEF
231948,DEF
232117,DEF
232107,GK
232284,GK
230070,MID
230141,DEF
230287,FWD
230419,MID
228357,FWD
228506,FWD
228519,MID
229038,MID
229084,DEF
229171,MID
229249,MID
229436,DEF
225770,DEF
225875,DEF
225924,MID
226675,GK
224161,FWD
224300,DEF
224420,MID
224542,MID
224770,FWD
224915,MID
225134,GK
224981,DEF
222329,MID
222639,GK
222993,MID
223064,DEF
223306,DEF
223120,DEF
219767,DEF
220584,GK
220663,DEF
220807,GK
216134,DEF
216227,FWD
216359,MID
216377,FWD
216568,FWD
216736,MID
216746,DEF
216114,DEF
213348,DEF
213449,DEF
213570,DEF
213327,DEF
213856,MID
213901,DEF
214104,DEF
214382,MID
214414,MID
214701,DEF
211166,DEF
211358,GK
211707,DEF
211723,DEF
211888,DEF
211954,DEF
211952,MID
212341,DEF
209072,DEF
209166,GK
209333,GK
209569,MID
210108,MID
205752,MID
205862,DEF
206412,GK
203754,MID
203848,DEF
203853,MID
203862,DEF
204033,DEF
204219,DEF
204468,MID
201068,MID
201082,GK
201484,MID
202199,GK
201940,GK
202617,GK
198003,FWD
198062,DEF
198017,MID
191123,FWD
191556,MID
191944,MID
192008,MID
192231,DEF
187761,FWD
187959,GK
188124,MID
188145,DEF
188177,DEF
183283,DEF
183407,DEF
183544,MID
184040,GK
184764,DEF
167936,DEF
168629,MID
172232,DEF
173530,MID
173859,FWD
176345,GK
176472,DEF
176599,FWD
178187,DEF
126883,MID
144050,FWD
156164,DEF
156683,MID
159983,MID
160102,MID
160206,MID
258925,MID
258953,MID
259011,MID
259094,FWD
259222,FWD
259584,DEF
259751,FWD
260328,MID
257121,DEF
257154,FWD
257185,DEF
257271,MID
257561,MID
257945,DEF
257957,DEF
255241,FWD
255278,MID
255307,FWD
255533,DEF
255592,MID
255876,MID
255928,MID
256282,MID
255949,MID
255977,DEF
254142,MID
253568,FWD
253253,DEF
253353,DEF
253473,MID
253813,MID
252036,DEF
252265,MID
252358,MID
252483,DEF
252512,DEF
252724,MID
252738,DEF
252965,GK
252974,MID
250810,DEF
250847,DEF
251212,DEF
251258,DEF
251330,GK
251376,DEF
251385,DEF
247351,MID
248005,DEF
248201,FWD
248112,MID
245367,MID
245692,DEF
246324,MID
246127,MID
246729,MID
244288,FWD
244366,GK
244394,DEF
244438,MID
244521,MID
244486,MID
244636,FWD
244703,MID
244684,FWD
244800,DEF
243363,DEF
243519,MID
243523,DEF
243698,DEF
243683,DEF
243773,DEF
243655,DEF
241970,DEF
241995,DEF
242482,DEF
242528,FWD
242612,MID
242623,DEF
241281,DEF
241566,DEF
241859,GK
241884,DEF
239686,DEF
239800,DEF
239977,MID
240067,MID
240170,GK
240209,MID
238895,DEF
238961,DEF
239010,DEF
239091,DEF
239137,DEF
238019,MID
236831,FWD
235955,MID
235980,FWD
236166,MID
236174,MID
236270,MID
236209,DEF
236667,MID
236875,DEF
236877,MID
234650,DEF
234726,MID
234854,MID
235108,MID
235157,FWD
233047,DEF
233071,MID
233121,FWD
233173,MID
233254,FWD
233378,MID
233571,MID
233655,MID
233804,MID
231967,DEF
232136,DEF
232372,MID
232375,MID
232447,GK
230511,FWD
230509,FWD
230557,FWD
229036,DEF
229057,MID
229267,MID
229285,MID
229379,MID
229477,MID
229508,MID
229610,DEF
229655,GK
226044,FWD
226815,DEF
226924,MID
227219,DEF
227810,MID
227700,DEF
227961,DEF
228058,DEF
228283,MID
224475,GK
224690,DEF
224633,DEF
224854,FWD
222438,GK
222472,DEF
222937,MID
223004,MID
223679,DEF
221358,MID
221475,MID
221648,DEF
221651,MID
221705,MID
221812,DEF
221772,MID
221836,DEF
221986,DEF
221926,MID
217391,DEF
218047,DEF
213864,DEF
213954,GK
214940,DEF
215477,DEF
215540,MID
215495,DEF
211556,DEF
211581,MID
211594,DEF
211817,DEF
211825,DEF
211881,MID
211935,FWD
211953,GK
209315,DEF
210000,MID
210409,MID
210492,MID
208764,GK
206605,MID
207502,DEF
207741,FWD
208122,DEF
208229,DEF
208302,MID
204860,FWD
204892,MID
204920,DEF
204979,DEF
205048,MID
205072,MID
205096,DEF
205153,MID
205159,DEF
205163,MID
202459,MID
203034,GK
203264,DEF
203447,FWD
203454,MID
200210,MID
200346,MID
200895,MID
201038,FWD
194759,DEF
194372,GK
195356,GK
195480,DEF
196353,DEF
197831,DEF
198135,MID
198094,MID
189573,MID
190247,DEF
190457,MID
190545,DEF
190752,DEF
183686,DEF
183997,DEF
184242,MID
184278,MID
184707,FWD
185438,MID
172561,DEF
173891,MID
176585,DEF
177515,MID
177508,GK
178379,DEF
159975,MID
159989,FWD
160110,MID
160116,MID
160130,MID
160143,MID
160221,FWD
162053,DEF
160173,DEF
166539,MID
261243,MID
52326,GK
110606,GK
259789,MID
259858,FWD
260286,MID
258502,MID
258560,FWD
258692,MID
259075,DEF
257555,MID
257573,MID
257711,DEF
258014,FWD
256538,DEF
256830,MID
256882,FWD
257007,FWD
255441,DEF
255541,DEF
255585,DEF
254472,MID
254637,MID
254705,MID
253465,DEF
253472,DEF
253549,MID
253583,DEF
253625,MID
253923,FWD
254123,DEF
254220,FWD
254228,DEF
252490,MID
252573,DEF
252716,DEF
252789,GK
252799,GK
252927,MID
253002,FWD
252903,MID
253034,DEF
253129,MID
253156,FWD
253143,MID
251630,MID
251781,DEF
252014,DEF
251916,FWD
252015,DEF
252052,MID
251041,DEF
251044,DEF
251052,MID
251079,MID
251087,MID
251096,DEF
251173,MID
251343,DEF
251380,DEF
247679,FWD
247941,FWD
247944,GK
248011,MID
248035,MID
248092,DEF
248097,DEF
248758,DEF
248765,FWD
246393,MID
246560,FWD
246683,MID
246685,DEF
246803,DEF
246827,FWD
246910,MID
246958,GK
245436,MID
245497,MID
245632,GK
245809,FWD
245849,DEF
244154,MID
244250,FWD
244277,DEF
244319,FWD
244435,MID
244500,DEF
244503,GK
244538,DEF
244810,GK
243312,MID
243354,MID
243532,MID
243587,GK
243713,MID
242212,MID
242447,DEF
242599,MID
241132,DEF
241213,MID
241197,DEF
241645,MID
241765,DEF
240008,DEF
240258,MID
240319,MID
240212,GK
240227,MID
240335,MID
240497,FWD
240513,MID
238103,DEF
238636,MID
238649,MID
238686,FWD
238725,DEF
239454,MID
236914,DEF
237217,MID
237332,FWD
237347,DEF
237378,MID
237436,DEF
235027,GK
235194,FWD
235237,GK
235457,MID
235626,DEF
235935,MID
236168,MID
234991,MID
234072,DEF
233879,FWD
234197,GK
234207,DEF
234413,DEF
232564,GK
232907,MID
232922,MID
230694,GK
231474,GK
231695,GK
231926,DEF
229065,DEF
229168,GK
229504,MID
229530,GK
226550,MID
227498,MID
227686,MID
228057,DEF
228216,DEF
228327,FWD
225189,DEF
225279,MID
225423,DEF
225376,MID
225458,DEF
225561,MID
225864,MID
225910,DEF
223095,FWD
223568,DEF
223967,FWD
224017,DEF
224108,MID
224204,GK
223014,MID
221025,DEF
221346,MID
221656,DEF
221864,DEF
221938,MID
216154,DEF
216709,DEF
217160,MID
217332,DEF
218848,MID
218863,FWD
218922,DEF
219275,MID
219467,DEF
219566,FWD
213009,FWD
213663,DEF
213687,DEF
213822,MID
214217,DEF
210368,GK
210700,MID
211143,FWD
211434,DEF
211536,MID
211607,MID
206584,MID
207427,GK
207429,FWD
207499,FWD
207558,MID
207639,MID
207716,DEF
207836,MID
208129,FWD
208577,MID
209413,MID
203224,DEF
203292,DEF
203331,MID
203355,MID
204297,DEF
204322,MID
199294,MID
200239,FWD
200369,MID
200742,DEF
200812,DEF
200898,MID
201019,FWD
201035,GK
201169,GK
201873,GK
193627,FWD
196315,DEF
196905,MID
196940,MID
197148,MID
197928,GK
190665,FWD
191108,MID
191669,MID
184077,DEF
183643,GK
184301,FWD
184471,MID
186126,MID
186514,FWD
186590,MID
187782,MID
169591,DEF
170286,DEF
170636,DEF
175316,DEF
176207,MID
159080,MID
159941,DEF
159973,MID
260359,FWD
260707,FWD
260597,DEF
260813,MID
260831,MID
260869,FWD
260995,DEF
261161,FWD
261281,DEF
259170,FWD
259209,FWD
259307,DEF
259405,MID
259214,MID
259532,GK
259788,DEF
258149,FWD
258328,GK
258405,MID
258485,GK
258550,MID
258817,MID
257560,MID
257612,FWD
257551,MID
257644,MID
257804,DEF
257839,MID
257863,DEF
256266,FWD
256326,MID
256478,FWD
256780,DEF
255463,FWD
255449,DEF
255536,DEF
255566,MID
254789,MID
254935,GK
254942,MID
254963,DEF
254996,DEF
253179,MID
253211,GK
253282,DEF
253620,MID
254019,FWD
251956,DEF
252066,MID
252248,MID
252201,MID
252316,DEF
252382,MID
250813,DEF
251088,DEF
251236,MID
251303,MID
251364,DEF
247658,MID
247963,DEF
247970,MID
248024,GK
248165,DEF
246550,MID
246614,DEF
246682,FWD
246744,DEF
246909,MID
244559,MID
244634,DEF
244920,DEF
245092,DEF
243445,FWD
243520,MID
243572,DEF
243921,MID
244041,FWD
242594,MID
242655,MID
242678,MID
240891,MID
241005,FWD
241036,MID
241311,DEF
241595,FWD
241614,MID
240062,DEF
240133,FWD
240218,GK
240274,GK
240305,MID
240405,DEF
240437,DEF
240434,FWD
240605,MID
240587,MID
238557,DEF
238977,FWD
239145,MID
239215,MID
237032,DEF
237080,DEF
237414,GK
237428,MID
235573,DEF
235632,MID
235800,DEF
235887,MID
235946,FWD
236325,DEF
233973,GK
234586,MID
232269,MID
232671,FWD
232746,DEF
232918,DEF
230532,MID
230836,DEF
230928,DEF
227951,DEF
228366,DEF
228325,MID
228472,DEF
228516,MID
228607,GK
228667,MID
228685,MID
224526,MID
224668,MID
225053,MID
225336,DEF
225387,DEF
225419,GK
225509,FWD
225867,FWD
222087,MID
222209,DEF
222997,MID
223080,DEF
223305,MID
219643,GK
219529,DEF
219795,GK
220979,DEF
214634,MID
214682,DEF
215233,MID
215660,MID
215692,FWD
216280,GK
211095,FWD
211141,DEF
211900,DEF
211717,MID
211446,DEF
212535,DEF
212175,GK
212718,MID
212574,MID
212540,MID
207828,FWD
208316,MID
208348,DEF
208776,GK
209361,DEF
209369,FWD
202292,DEF
202647,MID
194076,FWD
194678,DEF
195124,MID
198841,DEF
199467,MID
199479,DEF
199684,DEF
190518,FWD
190559,MID
190637,DEF
192496,DEF
184148,GK
187837,FWD
173660,MID
173785,MID
178289,GK
180717,GK
177568,DEF
160081,MID
160139,FWD
160155,FWD
160213,MID
165509,FWD
165447,MID
165880,DEF
261167,MID
261275,FWD
261444,FWD
101317,GK
137461,MID
129566,DEF
260082,DEF
260149,MID
260244,FWD
260282,FWD
260306,MID
260410,DEF
260564,FWD
258482,FWD
258504,MID
258625,DEF
257423,DEF
257635,GK
257584,MID
257706,MID
257728,DEF
257740,GK
257797,FWD
256527,DEF
256732,MID
256950,DEF
257068,MID
257076,DEF
257093,FWD
255412,GK
255524,DEF
255452,GK
255871,MID
254964,MID
255110,DEF
255142,MID
253694,FWD
253821,MID
253954,FWD
254266,GK
254273,MID
252785,DEF
252775,FWD
252866,DEF
252983,DEF
252936,MID
252996,MID
252565,FWD
251346,MID
251466,MID
251493,DEF
251482,MID
251597,FWD
251727,MID
251782,FWD
247872,FWD
247886,MID
247967,DEF
248245,MID
248443,MID
248553,MID
248674,FWD
248821,DEF
246680,DEF
246760,FWD
246858,DEF
246862,FWD
247067,GK
244891,DEF
245041,DEF
245268,DEF
245510,DEF
245648,MID
245615,FWD
243516,MID
243643,MID
243785,DEF
243924,DEF
244010,MID
241658,FWD
241494,DEF
242154,MID
242221,MID
242399,MID
242584,DEF
242364,MID
240397,MID
240550,MID
240786,DEF
240788,FWD
240836,MID
240856,GK
240858,MID
238919,GK
239042,MID
239245,FWD
237382,MID
237497,DEF
237624,DEF
237667,MID
237732,MID
237800,FWD
237802,GK
237933,DEF
238189,DEF
235288,MID
235143,DEF
235744,FWD
236006,MID
236009,DEF
236400,DEF
236677,DEF
236445,DEF
232559,FWD
232585,MID
232680,MID
233728,DEF
233383,DEF
233710,FWD
233961,MID
234039,DEF
234170,DEF
230865,DEF
230919,DEF
231028,GK
231033,DEF
231063,MID
231284,DEF
231322,MID
228863,MID
228928,DEF
229303,DEF
229493,MID
229513,MID
224964,MID
225432,GK
225781,MID
226654,DEF
222978,MID
223001,MID
223253,DEF
223264,DEF
223663,MID
223902,MID
223916,FWD
223993,MID
220742,MID
221519,DEF
221373,FWD
211846,DEF
211835,GK
212805,MID
213110,FWD
209002,GK
209222,DEF
209285,DEF
209757,GK
209843,GK
203930,DEF
204222,DEF
205311,FWD
205586,FWD
200283,FWD
200714,FWD
200928,MID
201094,GK
201268,MID
202033,MID
186259,DEF
189281,MID
189408,DEF
190492,MID
192457,GK
170229,DEF
172928,MID
177389,MID
140422,DEF
152523,GK
260355,MID
260552,FWD
260589,DEF
261025,FWD
261083,DEF
259204,MID
259255,GK
259306,MID
259407,MID
259411,FWD
259528,DEF
259453,DEF
259534,FWD
259758,MID
259787,DEF
258341,DEF
258447,DEF
258510,MID
257380,DEF
257399,FWD
257471,DEF
257707,MID
257664,MID
257721,GK
257862,GK
257938,MID
257896,DEF
256059,FWD
256068,DEF
256399,DEF
255081,MID
255163,DEF
255171,DEF
255183,MID
254315,MID
254350,DEF
254469,MID
254451,FWD
254627,MID
254632,MID
254648,MID
254665,DEF
252778,MID
252794,MID
252916,FWD
253308,GK
253407,FWD
253799,DEF
253779,MID
253979,MID
251352,MID
251494,FWD
251495,DEF
251548,DEF
251729,MID
248477,MID
248498,MID
248740,FWD
248488,DEF
250801,MID
250948,MID
250955,DEF
246604,FWD
246922,DEF
247001,DEF
247426,MID
245079,FWD
245369,DEF
245286,MID
245410,DEF
241085,MID
241312,FWD
241339,DEF
241349,MID
241435,MID
241584,GK
241650,FWD
242230,MID
242260,DEF
239942,MID
239989,DEF
240192,GK
240428,MID
240506,MID
237875,DEF
237926,DEF
237965,DEF
238060,GK
238081,MID
238121,GK
238298,GK
238188,MID
238338,MID
238642,FWD
236686,DEF
236197,FWD
236321,FWD
236487,MID
236604,MID
236637,MID
232677,MID
233932,DEF
234155,DEF
234221,DEF
234358,MID
229126,DEF
229185,DEF
229981,MID
230737,FWD
230893,GK
226261,MID
226496,MID
226504,DEF
226848,MID
227659,MID
227682,MID
227877,MID
227881,MID
222180,DEF
222463,MID
222582,DEF
222931,DEF
214679,DEF
215418,GK
215971,DEF
203548,MID
205255,FWD
207606,GK
208151,MID
184491,DEF
184584,DEF
186494,GK
186751,MID
187797,DEF
193083,MID
195481,FWD
11381,GK
163858,DEF
260663,MID
260925,MID
260975,DEF
259752,FWD
259754,DEF
260084,FWD
260178,DEF
260264,FWD
260232,MID
260357,FWD
260392,MID
260443,FWD
259085,GK
259198,MID
259327,FWD
259366,DEF
259415,FWD
259422,FWD
258439,MID
258525,MID
258690,DEF
258596,MID
258723,DEF
258753,FWD
258823,FWD
258870,DEF
257847,DEF
257927,MID
258041,FWD
258098,DEF
258146,DEF
258164,FWD
258171,MID
258162,DEF
257067,DEF
257080,FWD
257232,MID
257244,MID
257247,MID
257254,FWD
257350,GK
257397,FWD
256037,MID
256146,DEF
256443,DEF
256445,GK
256486,MID
256697,MID
255414,MID
255438,MID
255457,DEF
255491,MID
255534,DEF
255537,MID
255662,DEF
255737,DEF
254560,DEF
254694,MID
254786,MID
254844,MID
254915,MID
254143,DEF
253452,MID
253270,FWD
253560,FWD
253662,MID
254020,MID
251992,DEF
252103,MID
251922,FWD
252407,DEF
252527,DEF
247833,MID
248216,GK
247913,DEF
248422,MID
248577,DEF
248706,FWD
250816,MID
251049,MID
251085,FWD
246713,FWD
247063,MID
246991,DEF
246865,DEF
247308,DEF
247388,FWD
247407,DEF
247459,DEF
247499,DEF
245001,FWD
244928,FWD
245903,MID
243482,DEF
243345,DEF
243601,DEF
243884,MID
243959,MID
244000,DEF
244066,GK
244082,FWD
244372,DEF
244480,MID
242060,MID
242156,DEF
242331,MID
242507,MID
242541,DEF
242823,MID
242873,MID
243056,DEF
243122,MID
239801,DEF
239833,MID
239858,DEF
239903,DEF
240463,MID
240534,MID
240775,FWD
238356,DEF
236601,MID
237014,FWD
237027,FWD
237825,MID
238075,FWD
238242,DEF
234733,MID
234692,DEF
234619,FWD
235184,FWD
235551,DEF
230698,FWD
231510,DEF
231678,DEF
225677,DEF
225993,GK
227616,GK
227854,DEF
227870,MID
228226,DEF
228794,MID
228960,FWD
229182,DEF
229226,DEF
220458,MID
222177,GK
222190,DEF
222199,MID
222216,FWD
223011,GK
223029,MID
208988,GK
210785,GK
210791,GK
211884,MID
212763,GK
212735,GK
214525,GK
186610,MID
188950,GK
191262,MID
193209,FWD
192651,DEF
261428,MID
261538,MID
261584,GK
260695,FWD
260870,MID
260923,MID
260892,MID
261177,MID
261182,DEF
259452,MID
259459,DEF
259563,FWD
259714,DEF
259575,DEF
260088,FWD
260104,MID
258742,MID
258785,DEF
259024,GK
259080,MID
259151,FWD
259237,MID
258084,DEF
258215,DEF
258286,MID
258330,MID
258322,FWD
258417,MID
257140,GK
257166,DEF
257550,GK
256137,MID
256214,FWD
256291,FWD
256145,GK
256405,MID
256881,MID
256501,FWD
255394,MID
255527,MID
255634,DEF
255762,FWD
255825,DEF
255878,DEF
254279,MID
254807,MID
254778,FWD
254845,MID
252544,MID
252569,DEF
252915,MID
252984,DEF
253155,FWD
253427,MID
253598,DEF
253623,MID
251747,DEF
251905,DEF
251908,DEF
248339,MID
248394,DEF
248435,FWD
248832,DEF
250763,FWD
250872,DEF
250908,MID
250929,MID
246464,GK
246592,MID
246950,DEF
247101,DEF
247127,GK
247248,DEF
247365,MID
247740,MID
243684,MID
244498,GK
244673,MID
244763,GK
245332,MID
241320,DEF
241429,DEF
242197,FWD
242258,MID
242854,FWD
237698,MID
237872,DEF
237849,FWD
238689,MID
239333,MID
240363,FWD
233745,MID
233796,MID
235808,DEF
222277,DEF
222322,MID
224618,MID
225751,GK
226191,MID
227548,FWD
193707,DEF
193713,DEF
202660,DEF
207820,DEF
261267,DEF
261383,DEF
261457,MID
261493,MID
261480,DEF
261563,MID
160068,DEF
153100,GK
260473,MID
260658,DEF
260842,DEF
260916,DEF
260924,MID
259443,DEF
259900,GK
260043,FWD
260192,FWD
258801,MID
258805,DEF
258825,DEF
258900,MID
258913,DEF
258947,FWD
258974,FWD
258042,DEF
258089,DEF
258107,DEF
258289,MID
258589,FWD
256981,FWD
257011,DEF
257082,GK
257424,FWD
257538,DEF
255995,DEF
256170,MID
256236,MID
254763,MID
254858,FWD
254999,MID
255062,DEF
252902,DEF
253169,GK
253440,FWD
254268,MID
254282,DEF
254327,DEF
251521,MID
251746,FWD
251882,GK
252024,DEF
247822,MID
248371,MID
248482,DEF
248486,DEF
248662,DEF
248576,DEF
248760,MID
245127,MID
245530,FWD
246424,FWD
246391,DEF
242961,MID
243042,DEF
243281,DEF
244105,FWD
240532,DEF
240684,MID
240857,MID
240892,MID
241520,FWD
241953,MID
236923,MID
237714,DEF
237722,MID
237677,MID
237736,GK
238059,MID
237885,DEF
238296,FWD
231673,MID
232314,MID
232838,MID
233408,FWD
233886,GK
234121,MID
234251,MID
234322,DEF
220188,GK
224685,MID
225938,GK
227182,DEF
228250,DEF
261481,MID
261508,MID
2702,FWD
137356,GK
160096,MID
160013,GK
160187,FWD
160214,MID
182076,GK
183031,GK
198990,MID
260501,MID
260562,FWD
260572,FWD
260642,FWD
260943,FWD
260848,DEF
261032,MID
261102,MID
260479,MID
259363,DEF
259467,FWD
259458,FWD
259502,FWD
259505,DEF
259670,MID
259866,DEF
260031,MID
260177,DEF
258619,MID
258624,GK
258637,DEF
258644,MID
258667,DEF
259103,DEF
257348,MID
257427,MID
257672,FWD
257676,FWD
257901,GK
256017,GK
256051,MID
256101,DEF
256316,DEF
256442,MID
256604,MID
256672,DEF
256776,MID
255164,FWD
255301,GK
255439,FWD
255800,GK
252991,FWD
253110,GK
253428,GK
253566,FWD
253475,MID
253800,DEF
251386,MID
251749,MID
251750,DEF
247323,DEF
247896,MID
248426,MID
248709,GK
245239,MID
245359,GK
245379,FWD
245721,FWD
246100,MID
246795,MID
246838,MID
246920,MID
246846,MID
242786,MID
242637,MID
243596,MID
243634,MID
243690,MID
243949,FWD
240805,MID
238061,MID
238498,DEF
238521,FWD
239811,GK
239006,MID
240804,GK
229046,GK
231006,MID
231722,GK
231438,DEF
232473,GK
233948,FWD
234988,DEF
235545,GK
199015,FWD
199007,GK
200484,MID
205558,GK
219936,GK
210542,FWD
224622,GK
260805,FWD
260821,MID
260933,GK
261027,GK
261195,FWD
261239,DEF
261331,DEF
259242,MID
259348,MID
259855,FWD
257944,FWD
258122,DEF
258155,MID
258362,GK
258506,DEF
258688,GK
256555,DEF
256682,DEF
257019,DEF
257054,MID
257090,DEF
257115,GK
255411,MID
255940,MID
255969,FWD
256234,GK
253168,MID
253972,FWD
254155,MID
251659,MID
251660,MID
251689,DEF
251777,GK
252010,FWD
252390,DEF
251361,MID
247059,DEF
247644,GK
247687,DEF
247750,MID
247352,MID
243428,DEF
243917,GK
245045,DEF
239444,MID
240433,MID
240769,FWD
240867,DEF
241577,MID
242245,MID
242345,MID
242814,DEF
226859,MID
229678,DEF
261501,MID
261507,DEF
261575,FWD
198485,DEF
211258,GK
211387,GK
260683,DEF
260694,MID
260771,MID
260775,FWD
260927,MID
260936,GK
259266,MID
259379,DEF
259468,MID
259601,DEF
259712,FWD
258017,DEF
258036,DEF
258403,FWD
258604,MID
258629,MID
258711,FWD
256934,DEF
256956,DEF
257113,MID
255794,FWD
255808,MID
255812,GK
255815,MID
256130,DEF
254035,MID
254275,FWD
253464,MID
254321,MID
254518,MID
254530,GK
254884,MID
255002,MID
250865,GK
251416,DEF
251390,FWD
251433,GK
252482,DEF
245509,MID
245743,DEF
245858,GK
247107,FWD
247098,DEF
241471,FWD
241610,MID
242145,GK
242607,FWD
242976,GK
242985,DEF
233689,GK
236328,FWD
260809,FWD
260714,GK
260853,MID
260984,MID
261028,FWD
261410,MID
259279,GK
259351,FWD
259508,FWD
259585,MID
259626,FWD
260376,FWD
260383,DEF
257778,FWD
258056,GK
258046,FWD
258292,GK
258329,GK
258440,MID
258649,FWD
258724,MID
256498,DEF
256534,DEF
256551,DEF
256554,DEF
256935,MID
256946,FWD
257036,DEF
257065,MID
255498,GK
255544,MID
255746,DEF
255764,DEF
255817,DEF
255900,GK
255976,GK
255802,MID
256043,FWD
253000,FWD
253078,DEF
253461,MID
253801,DEF
253981,DEF
253963,FWD
254656,FWD
254574,DEF
254736,MID
250755,MID
250792,DEF
250895,MID
250957,GK
250988,MID
251832,FWD
243342,MID
245847,DEF
246262,GK
246620,DEF
247033,GK
247176,GK
222173,MID
224866,FWD
233681,GK
234804,DEF
237463,GK
239427,DEF
259924,FWD
260187,DEF
260240,FWD
260461,DEF
260537,MID
260734,MID
260850,DEF
258749,FWD
258839,FWD
259201,DEF
259234,DEF
259246,GK
259257,GK
259272,MID
259292,DEF
257186,MID
257425,GK
257628,DEF
257695,GK
258032,FWD
255788,FWD
255982,GK
256201,MID
252783,GK
254921,DEF
254906,GK
247873,FWD
247874,FWD
248567,DEF
248667,DEF
248723,MID
248739,GK
251590,DEF
251549,MID
240210,GK
240393,MID
240531,GK
241338,DEF
242108,MID
243485,FWD
244397,FWD
245210,GK
245260,FWD
261240,FWD
261194,DEF
261244,FWD
261386,MID
261565,DEF
261536,MID
261585,FWD
210750,GK
259770,DEF
260343,FWD
260588,DEF
260681,MID
260715,DEF
258402,GK
258828,MID
258693,GK
259147,DEF
259135,MID
256563,MID
256879,GK
257006,MID
257045,GK
257085,GK
257261,MID
257400,MID
254951,MID
255014,GK
255141,GK
255369,FWD
255769,DEF
255786,MID
255903,FWD
255922,DEF
247661,MID
248497,MID
251546,DEF
251111,FWD
252644,MID
252698,DEF
252871,DEF
243071,FWD
243297,DEF
245335,GK
260462,MID
260544,DEF
260951,FWD
260838,FWD
233407,GK
246120,MID
246134,MID
253744,MID
253079,DEF
254002,MID
254128,MID
254270,FWD
256342,MID
256389,FWD
256387,GK
256446,MID
257991,MID
258052,GK
258288,GK
259380,MID
259329,GK
259476,MID
259526,MID
259568,MID
260732,DEF
261024,FWD
234393,FWD
245435,GK
246194,DEF
246243,DEF
246269,MID
251737,FWD
251771,GK
252142,FWD
252198,DEF
254959,DEF
255664,GK
255623,MID
256606,FWD
255704,GK
256754,GK
256786,FWD
258228,MID
258309,GK
258363,DEF
258462,MID
258474,MID
259509,MID
259566,DEF
259629,FWD
260967,GK
261110,DEF
241454,FWD
243130,GK
247899,FWD
247491,DEF
252251,FWD
252733,DEF
255049,MID
255403,FWD
255322,GK
255480,FWD
256173,GK
256217,MID
256369,MID
256473,DEF
257285,FWD
257482,DEF
257487,DEF
257636,DEF
257699,FWD
259032,MID
259144,DEF
259167,DEF
260423,MID
260625,MID
260689,MID
182471,GK
184492,DEF
208932,GK
212069,GK
239895,MID
240518,DEF
240609,FWD
248047,GK
248322,MID
248836,DEF
253099,MID
255501,DEF
255460,MID
255637,MID
256176,MID
256192,MID
256186,GK
256193,DEF
256532,FWD
257476,MID
257553,MID
257641,DEF
257815,GK
259092,MID
260163,MID
260490,FWD
260503,MID
260997,DEF
261114,FWD
261234,GK
261429,DEF
222185,MID
224550,DEF
234301,GK
234950,MID
235786,FWD
238715,FWD
243025,DEF
243102,MID
243128,GK
243216,DEF
246080,DEF
246601,MID
246915,GK
246990,DEF
251170,FWD
251199,FWD
251239,FWD
251301,MID
252498,MID
255345,GK
256263,MID
257310,MID
257330,FWD
257342,GK
259026,MID
259128,DEF
259091,DEF
259185,MID
260016,MID
260302,DEF
261515,DEF
261520,MID
237204,FWD
237969,DEF
241343,DEF
241599,GK
241825,MID
244207,FWD
244328,FWD
245026,MID
245142,MID
247095,DEF
247121,GK
247196,MID
247259,FWD
251164,GK
251224,FWD
251261,FWD
251273,MID
251275,FWD
252758,MID
252879,FWD
254649,MID
255003,FWD
255061,FWD
255157,FWD
255877,DEF
255902,MID
255936,MID
255883,FWD
257142,GK
256975,DEF
257178,FWD
257173,MID
258211,FWD
258517,DEF
258539,FWD
259163,DEF
259229,MID
259355,MID
260416,GK
260431,MID
260467,FWD
261312,DEF
210987,MID
210854,DEF
229368,GK
231026,DEF
231065,FWD
231346,MID
235975,FWD
236762,MID
236662,MID
239735,DEF
239906,MID
242106,DEF
242300,MID
242302,MID
242754,MID
244179,MID
244511,MID
244746,GK
244883,FWD
247421,DEF
247532,MID
247550,DEF
247428,GK
251018,MID
251093,DEF
251369,GK
252374,FWD
252506,MID
252535,MID
254394,GK
254399,GK
254680,MID
254693,MID
255675,MID
255776,MID
255755,MID
255868,FWD
256673,MID
256499,DEF
256743,DEF
256889,DEF
257631,DEF
257906,DEF
258635,MID
259116,DEF
259190,MID
259271,DEF
259398,DEF
260378,DEF
260382,MID
260418,DEF
260930,DEF
260959,MID
261026,MID
261030,FWD
261198,DEF
184714,FWD
209324,MID
211806,FWD
215204,FWD
215997,GK
229114,GK
229192,FWD
229393,GK
230081,MID
236012,DEF
236234,FWD
236550,FWD
236746,DEF
237208,MID
237171,GK
240486,MID
237381,GK
243167,FWD
243173,MID
245649,MID
245689,DEF
245729,DEF
248063,FWD
251091,MID
251316,FWD
251506,MID
252219,FWD
252163,DEF
252223,DEF
252295,DEF
252337,DEF
252510,MID
254135,MID
255247,DEF
255391,MID
256002,MID
256024,DEF
256022,MID
256886,DEF
256980,FWD
256982,DEF
257806,DEF
257822,MID
257859,MID
257920,MID
258477,DEF
258570,DEF
258684,DEF
259418,MID
259360,GK
259420,MID
259444,DEF
260420,FWD
260528,FWD
261233,DEF
260477,DEF
177597,FWD
200061,MID
206332,MID
216111,MID
219486,DEF
218292,MID
223069,DEF
224188,DEF
224466,MID
224675,MID
225251,MID
230014,DEF
230073,MID
232449,GK
232565,GK
232566,GK
232904,MID
236222,FWD
236485,DEF
238755,FWD
238904,MID
239173,MID
239192,DEF
239275,GK
241134,DEF
241853,FWD
243178,DEF
244578,GK
244677,MID
244671,MID
245981,MID
247685,FWD
251523,GK
252707,DEF
253025,DEF
254140,DEF
254480,MID
254509,DEF
255091,MID
255146,DEF
255151,GK
255174,MID
255318,DEF
255365,MID
255874,DEF
255879,MID
255899,MID
255952,GK
256000,MID
256723,FWD
256727,MID
256725,MID
256792,GK
257010,GK
257013,FWD
257541,MID
257621,DEF
258184,MID
258181,GK
258191,FWD
258229,FWD
258359,MID
258910,FWD
258934,FWD
258984,MID
258945,DEF
259461,MID
259598,MID
260575,MID
260577,MID
261178,MID
261338,MID
261417,GK
168913,FWD
261446,MID
183025,FWD
200319,DEF
200658,GK
201921,FWD
202727,FWD
202932,FWD
220819,MID
221277,DEF
224998,MID
225198,DEF
225280,GK
228152,DEF
228658,DEF
232403,DEF
232506,GK
235004,DEF
235064,DEF
235267,DEF
235597,GK
235421,GK
236785,FWD
236890,MID
237699,MID
238969,GK
239189,MID
240745,FWD
240772,MID
240664,MID
241048,FWD
242282,DEF
242710,FWD
244886,DEF
245622,FWD
245481,DEF
245822,GK
246278,MID
247755,DEF
247780,MID
247905,DEF
248073,GK
248025,GK
251028,MID
251048,MID
251054,MID
251081,MID
251167,DEF
251743,DEF
251848,FWD
252073,MID
252302,DEF
252421,DEF
252424,DEF
254188,MID
254191,GK
254765,MID
254820,FWD
254905,FWD
255721,MID
255887,MID
256859,DEF
256942,MID
257335,DEF
258218,MID
258273,MID
259054,FWD
259153,GK
259178,MID
259974,FWD
260217,MID
261169,DEF
261560,MID
160142,MID
169389,DEF
182156,MID
182474,GK
183122,DEF
182681,DEF
183549,GK
184467,MID
197883,MID
202103,DEF
203428,MID
208095,MID
208168,MID
208590,MID
208813,MID
210986,DEF
211228,MID
213797,DEF
213765,MID
216106,GK
222300,DEF
222380,DEF
222282,MID
222624,DEF
222625,DEF
222822,MID
222864,GK
224257,MID
227288,MID
227913,DEF
228106,DEF
228191,DEF
229881,FWD
230068,DEF
230290,FWD
230179,GK
230631,GK
232106,DEF
232490,MID
234173,MID
234296,MID
234412,FWD
232545,FWD
234639,DEF
235051,DEF
234677,MID
236803,FWD
238588,GK
238667,DEF
239681,DEF
239742,GK
239746,GK
241037,MID
241214,DEF
241334,DEF
241379,MID
241415,FWD
242863,MID
242975,DEF
242980,MID
243052,DEF
244529,MID
246180,MID
246228,MID
246422,MID
246433,MID
247187,FWD
247286,MID
247601,DEF
247611,GK
250785,MID
250945,MID
250962,MID
252471,DEF
252524,DEF
253118,MID
253135,MID
253362,MID
253438,MID
253462,MID
254537,DEF
254590,MID
255145,MID
255225,DEF
255234,MID
255906,DEF
255947,MID
257267,DEF
257291,DEF
258178,DEF
258769,MID
258746,FWD
258811,DEF
258871,MID
258895,FWD
259323,FWD
259419,MID
259480,MID
259551,MID
259569,MID
260800,FWD
260874,DEF
261018,GK
261084,FWD
155567,DEF
160065,DEF
169590,DEF
169912,MID
171923,MID
171970,MID
172823,FWD
182398,MID
182489,GK
183477,GK
183517,MID
183784,MID
183789,GK
183993,MID
189331,DEF
189695,MID
190235,DEF
190486,FWD
193073,DEF
193113,MID
200781,MID
200844,DEF
201026,DEF
201337,FWD
201212,DEF
201277,DEF
201539,MID
203500,FWD
203424,MID
203851,DEF
204821,MID
204495,DEF
205747,GK
209784,DEF
210280,DEF
210392,DEF
210509,GK
213434,MID
213376,DEF
213665,MID
217199,DEF
218633,FWD
221394,MID
219492,MID
221499,MID
221831,MID
222024,GK
223502,MID
223670,FWD
224270,FWD
224311,MID
226179,DEF
226197,MID
226232,FWD
229174,DEF
229194,DEF
229382,FWD
229856,FWD
231411,MID
231535,DEF
231956,MID
233196,MID
231972,FWD
233175,MID
233281,DEF
233457,MID
233463,FWD
233467,MID
234736,FWD
235166,DEF
234912,MID
235277,DEF
235380,MID
236591,FWD
236627,MID
236750,DEF
236867,GK
236870,MID
238009,MID
238226,DEF
238351,DEF
239597,MID
239636,MID
240616,DEF
239873,FWD
241978,GK
241982,MID
242184,DEF
243036,MID
243177,DEF
243218,DEF
243241,DEF
244088,MID
244106,MID
244256,GK
245979,DEF
247050,MID
247213,MID
247479,GK
247648,DEF
248572,MID
248772,MID
251542,MID
251672,DEF
251787,DEF
251880,MID
252827,FWD
254022,FWD
255079,GK
255099,MID
255108,MID
255273,DEF
255308,GK
255352,MID
256115,MID
256128,MID
257304,GK
257318,MID
257411,MID
257956,MID
258916,DEF
259064,FWD
258948,GK
259067,GK
259069,DEF
259117,FWD
260109,DEF
260183,MID
260284,MID
261364,MID
122066,FWD
160195,FWD
180740,DEF
189208,FWD
181298,DEF
192285,MID
189910,FWD
193206,MID
193557,FWD
197953,MID
197990,DEF
198497,DEF
198624,DEF
199080,MID
202375,MID
202465,MID
202502,MID
202533,DEF
202583,GK
202926,DEF
205149,MID
206489,DEF
215401,MID
215738,MID
215864,FWD
220532,GK
220573,MID
220772,MID
220894,MID
222420,MID
222435,DEF
222477,MID
222922,MID
224793,DEF
224870,FWD
225955,FWD
226084,FWD
226174,DEF
228454,MID
228456,GK
228613,GK
229865,MID
229911,DEF
230236,DEF
230303,FWD
232291,MID
232417,GK
232476,MID
233160,MID
233092,MID
233172,DEF
233535,DEF
234489,FWD
234846,GK
236282,FWD
237704,GK
239806,DEF
239949,DEF
240563,MID
240685,MID
240729,MID
240902,FWD
240906,FWD
240921,DEF
241890,MID
241935,DEF
242117,FWD
242196,DEF
242158,MID
242800,DEF
243041,MID
243739,DEF
243882,DEF
243939,MID
244054,MID
244118,MID
244921,FWD
245331,FWD
246097,DEF
247140,MID
247209,MID
248768,MID
248869,MID
250916,GK
251022,DEF
251479,MID
251456,DEF
251534,DEF
252119,DEF
252087,DEF
252259,MID
252318,DEF
253223,MID
253348,DEF
254289,DEF
254416,MID
256131,DEF
256125,MID
256276,GK
256307,MID
257188,DEF
257191,MID
257218,MID
257225,GK
258156,GK
259456,MID
259521,MID
260718,MID
260799,FWD
261141,MID
166841,MID
169465,FWD
171033,GK
179646,DEF
179636,MID
180903,MID
181013,MID
183527,MID
182160,FWD
183486,MID
183256,MID
187093,DEF
182094,MID
188207,DEF
188062,DEF
188985,MID
188417,MID
193123,DEF
193346,MID
194035,DEF
198195,FWD
198630,DEF
199234,DEF
199440,DEF
199566,DEF
199741,FWD
201901,MID
202014,DEF
202025,FWD
202073,MID
202204,DEF
202164,MID
202322,MID
203733,MID
204164,DEF
204644,MID
205939,MID
208675,FWD
208637,MID
208739,MID
208965,DEF
208968,GK
208992,DEF
208999,MID
209177,MID
211144,DEF
211484,MID
213444,MID
215940,DEF
215990,DEF
216265,FWD
216467,MID
220101,DEF
220669,FWD
220912,MID
220943,FWD
221239,MID
222168,FWD
222299,DEF
222337,DEF
223899,FWD
224094,DEF
224115,DEF
224130,GK
225769,MID
225869,GK
228860,GK
229733,DEF
229704,GK
229930,DEF
230064,DEF
232843,MID
232790,GK
232901,MID
232748,DEF
233987,DEF
234143,DEF
234163,MID
234290,DEF
234293,MID
235318,DEF
235771,MID
235807,MID
237160,DEF
237192,MID
237226,DEF
237310,DEF
238263,DEF
238336,MID
238375,DEF
238450,DEF
239269,DEF
239369,MID
239492,MID
239523,DEF
240530,MID
240585,DEF
240913,GK
242774,GK
242722,DEF
243061,FWD
243995,MID
244024,MID
244946,MID
244887,DEF
246834,MID
246959,MID
247026,MID
251547,DEF
251635,DEF
251682,FWD
253030,MID
254711,MID
254719,DEF
256402,FWD
256539,DEF
258444,FWD
258768,DEF
260879,DEF
261400,MID
162471,FWD
163303,MID
178589,DEF
178767,GK
179685,GK
181381,MID
186559,MID
186970,DEF
189833,DEF
190122,MID
190481,DEF
190597,MID
194785,DEF
196436,MID
196853,MID
199277,MID
199803,GK
203095,DEF
203138,MID
203237,GK
203309,MID
203328,MID
205278,DEF
205352,GK
203445,DEF
205593,MID
208455,MID
210742,MID
211001,MID
211002,DEF
212601,FWD
212493,MID
212710,GK
212932,MID
213117,MID
213152,FWD
214761,GK
213321,FWD
216823,FWD
218175,GK
218887,MID
220940,MID
219684,MID
221664,MID
221789,DEF
221767,MID
223625,DEF
223908,DEF
224077,MID
225266,DEF
227929,MID
228069,MID
229472,MID
229488,MID
229845,MID
229815,DEF
230809,DEF
231013,MID
231145,MID
231212,MID
232406,DEF
232513,MID
232521,DEF
233424,MID
233981,DEF
234016,MID
235266,GK
235441,DEF
235451,GK
235520,FWD
235548,DEF
235590,GK
236712,DEF
236650,MID
236757,FWD
236846,MID
236883,MID
237023,FWD
237155,DEF
237721,MID
237930,DEF
237916,MID
239498,MID
239552,FWD
240501,DEF
242284,FWD
243602,DEF
243619,FWD
244602,MID
244656,GK
244912,GK
244935,FWD
244940,DEF
246289,MID
246388,DEF
246390,DEF
246416,FWD
247539,FWD
247668,MID
247667,DEF
247911,MID
251193,FWD
251281,MID
251405,DEF
251431,FWD
252304,FWD
252329,DEF
252489,MID
252495,MID
252739,DEF
254066,MID
252675,DEF
254461,FWD
255781,DEF
255946,GK
256098,MID
256885,FWD
256674,MID
257868,MID
258025,MID
258271,MID
258306,MID
135043,GK
142756,MID
144021,DEF
167663,MID
167841,MID
179742,FWD
179931,DEF
178565,DEF
184433,FWD
189938,DEF
189952,GK
186116,MID
190530,DEF
193411,GK
193535,MID
193768,DEF
194091,MID
198235,MID
198751,DEF
198856,DEF
199351,MID
200845,FWD
204442,DEF
208158,FWD
208115,DEF
210240,MID
210601,MID
210706,MID
212013,MID
212095,DEF
212120,DEF
213933,DEF
217201,FWD
218345,MID
218985,MID
219670,DEF
219641,FWD
219461,DEF
221235,GK
221506,MID
222389,GK
222773,DEF
223968,GK
222930,MID
224337,DEF
224483,MID
226523,DEF
227990,MID
228111,MID
228383,GK
228627,DEF
229817,GK
230395,MID
230485,MID
230872,GK
230984,MID
232308,FWD
232377,MID
232380,MID
232397,DEF
232405,DEF
232577,DEF
233957,MID
234007,MID
234029,FWD
233763,GK
234107,MID
235059,MID
236668,DEF
237749,DEF
237799,FWD
237823,FWD
238803,MID
238830,FWD
239224,MID
240938,MID
240992,MID
242052,MID
242183,FWD
242209,MID
242542,DEF
243834,MID
243894,MID
245022,DEF
245231,MID
246298,DEF
246406,DEF
246459,MID
246659,DEF
248018,GK
248174,MID
251754,DEF
252865,FWD
253177,MID
254055,DEF
254200,DEF
254397,GK
256035,MID
256658,FWD
258407,DEF
159067,FWD
159034,DEF
171189,DEF
171321,MID
172555,FWD
173533,GK
182001,DEF
181436,MID
182409,MID
186139,MID
186101,DEF
186578,MID
186595,MID
186882,GK
189944,DEF
190094,MID
190494,DEF
190583,FWD
190664,FWD
190592,DEF
193688,DEF
199683,DEF
201403,FWD
201681,MID
201886,DEF
203265,DEF
203398,DEF
203850,DEF
205669,DEF
205673,DEF
205874,GK
205926,DEF
206062,FWD
206106,MID
206207,MID
208977,MID
206313,MID
209196,DEF
208989,FWD
209417,MID
211243,MID
213694,MID
214386,MID
215574,MID
216271,DEF
219937,GK
219957,DEF
219969,GK
222636,FWD
223727,GK
223981,DEF
224021,MID
226152,MID
226157,MID
226237,DEF
228591,DEF
228674,DEF
228888,DEF
228897,DEF
230273,MID
230357,DEF
230363,MID
230372,DEF
232329,FWD
232627,FWD
232708,DEF
232711,MID
234018,MID
234025,FWD
233917,MID
235215,MID
235355,MID
235450,MID
235511,DEF
235519,MID
236555,FWD
236758,GK
237895,FWD
237936,MID
237989,MID
239608,DEF
239629,MID
239696,MID
239768,DEF
239822,DEF
239894,MID
240027,MID
241150,MID
241811,MID
243574,DEF
244648,DEF
244948,MID
244970,MID
247031,DEF
247197,DEF
247474,DEF
251287,DEF
251377,MID
251413,FWD
251429,DEF
251532,MID
253052,DEF
253364,MID
256689,MID
257229,DEF
257265,DEF
257620,FWD
54013,MID
256692,MID
121134,GK
168317,FWD
169710,DEF
179731,MID
180250,MID
181971,MID
182091,FWD
186518,FWD
187265,MID
188616,MID
191089,FWD
191153,GK
192320,MID
197996,DEF
200968,DEF
202693,MID
202771,DEF
203139,DEF
203756,FWD
205089,MID
205351,MID
208088,MID
208374,FWD
208422,MID
210583,MID
212680,MID
212790,FWD
212939,MID
215074,MID
215086,GK
215168,FWD
218208,MID
218623,MID
220826,MID
220938,MID
223139,DEF
223553,MID
223734,DEF
227235,MID
227412,DEF
228080,MID
228205,DEF
229851,DEF
230824,DEF
231301,DEF
231413,GK
232728,DEF
232826,MID
236369,DEF
236530,MID
237735,MID
238497,MID
237994,MID
238505,MID
238674,GK
238759,DEF
238924,FWD
238941,DEF
238965,MID
238945,DEF
240057,MID
240050,DEF
240138,DEF
241872,DEF
241923,FWD
242041,DEF
242166,MID
243552,GK
243716,FWD
243521,DEF
243944,DEF
245894,MID
247345,DEF
247623,DEF
248002,DEF
251703,GK
251706,MID
251775,MID
252037,FWD
253400,DEF
254258,DEF
255137,MID
258908,DEF
260989,FWD
261579,MID
49674,FWD
165493,GK
170039,DEF
182435,GK
188058,FWD
190769,GK
191005,DEF
191655,GK
191572,DEF
194015,DEF
196932,FWD
196688,DEF
194846,DEF
199191,DEF
199568,GK
199721,GK
202530,MID
202814,DEF
203423,GK
204886,DEF
203304,FWD
205156,MID
208507,GK
208534,DEF
211557,DEF
211907,MID
212454,MID
214882,DEF
214777,FWD
216482,MID
220649,MID
221403,DEF
220915,FWD
223283,FWD
223402,DEF
223593,FWD
224987,GK
225071,MID
225114,FWD
225117,MID
227530,DEF
227675,DEF
227667,MID
227732,FWD
229537,DEF
229658,MID
230387,DEF
230410,MID
230415,DEF
230486,MID
232692,MID
232787,MID
232883,MID
232884,MID
234579,FWD
234660,MID
234716,MID
234779,GK
234284,FWD
234033,MID
234020,FWD
232991,MID
234059,DEF
230995,MID
157305,MID
148696,MID
258775,MID
141111,FWD
258573,DEF
256167,MID
231258,GK
230455,MID
230214,DEF
159919,DEF
155964,MID
156408,DEF
155886,GK
151270,MID
256079,MID
255286,DEF
255190,MID
255254,DEF
255233,MID
255028,MID
255218,DEF
254887,MID
212950,DEF
212750,FWD
212683,FWD
212251,DEF
212158,FWD
210275,MID
210209,FWD
205554,GK
178140,DEF
179903,MID
178211,GK
166851,DEF
160220,FWD
118794,GK
261347,MID
261293,FWD
261190,MID
261109,DEF
261053,DEF
261031,MID
260982,GK
244126,DEF
243881,MID
243537,FWD
258562,MID
258978,FWD
259078,MID
259381,FWD
256758,GK
256865,FWD
257130,GK
252731,MID
252880,MID
253198,DEF
253190,MID
253943,DEF
254492,DEF
241627,DEF
243257,MID
243539,MID
244958,MID
246815,DEF
247498,DEF
247962,DEF
259432,MID
259450,MID
259597,FWD
260001,DEF
260111,DEF
260411,DEF
260113,GK
260181,MID
260429,GK
260553,DEF
259383,GK
257895,MID
258003,MID
257922,DEF
258661,MID
258707,MID
259042,FWD
252754,DEF
253770,MID
254154,DEF
254298,GK
255347,MID
255765,GK
246166,GK
247718,MID
257284,DEF
257494,MID
259160,FWD
259437,GK
246161,MID
246411,DEF
247372,MID
247224,GK
248379,MID
252643,MID
252657,GK
253186,GK
253403,MID
227973,MID
253657,DEF
253682,MID
255336,GK
255551,DEF
255597,MID
256062,MID
257117,MID
257493,DEF
257693,DEF
257934,MID
257968,DEF
258682,DEF
247223,DEF
252757,MID
257710,DEF
261566,MID
251110,MID
259158,MID
259651,DEF
260469,GK
254091,DEF
253763,FWD
255547,MID
255261,FWD
255872,MID
259756,GK
259763,DEF
260428,GK
260880,FWD
252609,MID
256438,DEF
259258,MID
259262,FWD
261432,FWD
248664,GK
250935,MID
252419,MID
255806,MID
256221,MID
256174,DEF
257568,GK
257836,DEF
257935,FWD
257674,DEF
258537,MID
259870,MID
260250,DEF
245174,FWD
159979,MID
159995,FWD
160031,MID
159954,MID
159918,DEF
170320,DEF
189908,GK
189354,MID
189177,MID
226324,MID
233746,FWD
245872,MID
226997,DEF
226330,MID
226333,MID
226301,FWD
226308,MID
233748,FWD
226968,DEF
232075,MID
227318,MID
227316,DEF
226975,MID
235659,MID
233747,MID
227241,GK
227018,FWD
227257,MID
226325,DEF
258310,GK
246272,FWD
248715,DEF
227101,DEF
227119,DEF
227330,GK
226922,DEF
227281,DEF
227410,MID
238257,DEF
245188,DEF
245824,GK
240030,DEF
233337,GK
236479,DEF
245197,GK
233838,DEF
226354,MID
226998,DEF
227112,DEF
227262,MID
244302,FWD
227776,GK
233756,MID
245186,DEF
245833,MID
226991,DEF
227452,MID
227775,MID
233342,DEF
245879,MID
245178,MID
245181,DEF
245889,DEF
247116,DEF
226932,MID
227111,DEF
227120,MID
227201,MID
227368,GK
242829,DEF
236648,DEF
241667,MID
245888,MID
259485,MID
226913,MID
227348,MID
227404,DEF
235594,DEF
227780,DEF
237288,MID
245201,MID
245825,GK
245885,FWD
227116,FWD
247512,FWD
261093,FWD
228724,MID
233348,MID
226964,MID
227286,MID
227453,DEF
227458,DEF
233322,DEF
227459,MID
238280,GK
227140,DEF
242025,MID
241526,MID
248728,FWD
245887,GK
226927,DEF
233200,FWD
233759,DEF
239124,DEF
261091,MID
247531,DEF
256422,DEF
258940,GK
227590,MID
243054,DEF
247535,MID
261090,MID
241565,MID
244058,GK
247809,MID
247811,DEF
256251,DEF
254564,GK
231637,MID
244303,MID
